{
        "baseUrl": "https://www.googleapis.com/",
          "auth": {
            "request": {
              "url": "https://www.google.com/accounts/OAuthGetRequestToken",
              "parameters": {
                "xoauth_displayname": {
                  "parameterType": "query",
                  "required": false
                },
                "domain": {
                  "parameterType": "query",
                  "required": false
                },
                "scope": {
                  "parameterType": "query",
                  "required": true
                }
              }
            },
            "authorize": {
              "url": "https://www.google.com/accounts/OAuthAuthorizeToken",
              "parameters": {
                "oauth_token": {
                  "parameterType": "query",
                  "required": true
                },
                "iconUrl": {
                  "parameterType": "query",
                  "required": false
                },
                "domain": {
                  "parameterType": "query",
                  "required": false
                },
                "scope": {
                  "parameterType": "query",
                  "required": true
                }
              }
            },
            "access": {
              "url": "https://www.google.com/accounts/OAuthGetAccessToken",
              "parameters": {
                "domain": {
                  "parameterType": "query",
                  "required": false
                },
                "scope": {
                  "parameterType": "query",
                  "required": true
                }
              }
            }
          },
        "resources": {
          "profiles": {
            "methods": {
              "get": {}, 
              "update": {}
            }
          }, 
          "responses": {
            "methods": {
              "insert": {}, 
              "list": {}
            }
          }, 
          "series": {
            "methods": {
              "get": {}, 
              "insert": {}, 
              "list": {}, 
              "update": {}
            }
          }, 
          "submissions": {
            "methods": {
              "get": {}, 
              "insert": {}, 
              "list": {}
            }
          }, 
          "tags": {
            "methods": {
              "delete": {}, 
              "insert": {}, 
              "list": {}
            }
          }, 
          "topics": {
            "methods": {
              "get": {}, 
              "insert": {}, 
              "list": {}
            }
          }, 
          "votes": {
            "methods": {
              "get": {}, 
              "insert": {}, 
              "list": {}, 
              "update": {}
            }
          }
        }
}
