{
        "baseUrl": "https://www.googleapis.com/",
        "auth": {
          "request": {
            "url": "https://www.google.com/accounts/OAuthGetRequestToken",
            "parameters": {
              "xoauth_displayname": {
                "parameterType": "query",
                "required": false
              },
              "domain": {
                "parameterType": "query",
                "required": true
              },
              "scope": {
                "parameterType": "query",
                "required": true
              }
            }
          },
          "authorize": {
            "url": "https://www.google.com/latitude/apps/OAuthAuthorizeToken",
            "parameters": {
              "oauth_token": {
                "parameterType": "query",
                "required": true
              },
              "iconUrl": {
                "parameterType": "query",
                "required": false
              },
              "domain": {
                "parameterType": "query",
                "required": true
              },
              "scope": {
                "parameterType": "query",
                "required": true
              },
              "location": {
                "parameterType": "query",
                "required": false
              },
              "granularity": {
                "parameterType": "query",
                "required": false
              }
            }
          },
          "access": {
            "url": "https://www.google.com/accounts/OAuthGetAccessToken",
            "parameters": {
              "domain": {
                "parameterType": "query",
                "required": true
              },
              "scope": {
                "parameterType": "query",
                "required": true
              }
            }
          }
        },
        "resources": {
          "currentLocation": {
            "methods": {
              "delete": {},
              "get": {},
              "insert": {}
            }
          },
          "location": {
            "methods": {
              "delete": {},
              "get": {},
              "insert": {},
              "list": {}
            }
          }
        }
}
